"country","country_wpp","iso3","iso2","continent","lng","lat","population_millions","annual_outbound_trips_millions","age_0_14","age_15_24","age_25_44","age_45_64","age_65_79","age_80_plus"
"Afghanistan","Afghanistan","AFG","AF","Asia",65.9259998029485,33.8187564261474,45.0470685,2.252353425,0.422165784217457,0.20905059560091,0.248237818183441,0.096020321499944,0.0217225234090427,0.00280295708920548
"Albania","Albania","ALB","AL","Europe",20.0518459081698,41.1348736888552,2.751025,0.13755125,0.163327668778001,0.119903127016294,0.295539662489436,0.237963122836034,0.143843294771949,0.0394231241082869
"Algeria","Algeria","DZA","DZ","Africa",2.63118841378347,28.0559934221189,48.0283335,2.401416675,0.294442237934406,0.14810419145607,0.281542113052913,0.205473025625592,0.0602397749236917,0.0101986570073267
"American Samoa","American Samoa","ASM","AS","Oceania",-170.718018876261,-14.3044663174587,0.0453185,0.1,0.256661186932489,0.190396857795382,0.221752705848605,0.240718470381853,0.0789854033121131,0.0114853757295586
"Andorra","Andorra","AND","AD","Europe",1.56052468030224,42.5422863943122,0.083753,0.1,0.113619810633649,0.109381156495887,0.273148424534047,0.331552302604086,0.132078850906833,0.0402194548254988
"Angola","Angola","AGO","AO","Africa",17.5317833661526,-12.2706139265484,40.2151795,2.010758975,0.438242915215634,0.195632770954062,0.231225351113999,0.105511813020753,0.0259427537803232,0.00344439591522897
"Anguilla","Anguilla","AIA","AI","North America",-63.0649996867603,18.2239725971289,0.014817,0.1,0.151380171424715,0.154923398798677,0.271242491732469,0.288081258014443,0.108827697914558,0.025544982115138
"Antigua and Barb.","Antigua and Barbuda","ATG","AG","North America",-61.7946721656644,17.2771040353237,0.0946255,0.1,0.172242154598919,0.136279332738004,0.297039381562053,0.265567949442803,0.106303269203333,0.022567912454888
"Argentina","Argentina","ARG","AR","South America",-64.7626148939194,-34.6839876712258,46.003734,2.3001867,0.204210760370017,0.154389434996733,0.293334819299668,0.21956406842975,0.0978171902306887,0.0306837266731435
"Armenia","Armenia","ARM","AM","Asia",44.9383118011334,40.2873277734289,2.930915,0.14654575,0.186953050497882,0.124956029089892,0.296178497158737,0.240122453227064,0.12959553586508,0.0221944341613455
"Aruba","Aruba","ABW","AW","North America",-69.9826639922195,12.520878060142,0.108164,0.1,0.161911541732924,0.129072519507415,0.237537443141896,0.286791353870049,0.158934580821715,0.0257525609260013
"Australia","Australia","AUS","AU","Oceania",134.303829123934,-25.7641815523079,27.227096,1.3613548,0.17518913879027,0.122578643715804,0.279267737550857,0.238306226268126,0.135966703904081,0.0486915497708606
"Austria","Austria","AUT","AT","Europe",14.1104300667048,47.5922934429587,9.107266,0.4553633,0.140541189858735,0.0999990007978245,0.26026356318131,0.282913335352234,0.153461972012237,0.0628209387976589
"Azerbaijan","Azerbaijan","AZE","AZ","Asia",47.5478416650239,40.2866618409577,10.454855,0.52274275,0.205882291050426,0.144738210142561,0.316508550333792,0.235080591744218,0.0876004497432054,0.0101899069857975
"Bahamas","Bahamas","BHS","BS","North America",-76.5901603326691,24.280018782811,0.4046285,0.1,0.172417414986834,0.142646897092024,0.305167579644044,0.255269957504229,0.0935809019878728,0.0309172487849966
"Bahrain","Bahrain","BHR","BH","Asia",50.5419933558771,26.0419637770137,1.675572,0.1,0.181612905921083,0.12403077874302,0.449350132372706,0.203124067482627,0.0355872502047062,0.00629486527585804
"Bangladesh","Bangladesh","BGD","BD","Asia",90.2471041151871,23.8606661365356,177.8180445,8.890902225,0.273277442886287,0.18709544407345,0.302968577522513,0.168256759791327,0.0563677101960257,0.0120340655303967
"Barbados","Barbados","BRB","BB","North America",-59.5597851228128,13.1814498077442,0.2827245,0.1,0.169283171426601,0.127624241974077,0.26181848407195,0.265040702167658,0.145015730861669,0.0312176694980449
"Belarus","Belarus","BLR","BY","Europe",28.0149550948026,53.5195205570396,8.937018,0.4468509,0.154574378165066,0.106704216104298,0.274391413332725,0.275406684869606,0.155734105044882,0.0331892024834234
"Belgium","Belgium","BEL","BE","Europe",4.6459381947024,50.6388949631127,11.7746425,0.588732125,0.154125698508469,0.118452513526419,0.251580674317713,0.262096407597938,0.15478508158528,0.0589596244641822
"Belize","Belize","BLZ","BZ","North America",-88.7110676180793,17.1982988706373,0.4286445,0.1,0.260125815215172,0.177118801244388,0.332052551706601,0.176242783938672,0.0468546779440772,0.00760536995109
"Benin","Benin","BEN","BJ","Africa",2.32661464474629,9.63561223430696,15.1704195,0.758520975,0.409417353290725,0.197401265007866,0.248993180445669,0.112245742446344,0.0278596119243769,0.00408284688501857
"Bermuda","Bermuda","BMU","BM","North America",-64.7546002277357,32.3136780696577,0.064459,0.1,0.131409112769357,0.103282706836904,0.231162444344467,0.299663351898106,0.178307140973332,0.056175243177834
"Bhutan","Bhutan","BTN","BT","Asia",90.4021595987124,27.4121377959391,0.802214,0.1,0.198119205099886,0.173799634511489,0.368477737860471,0.191905775765569,0.0569810549304799,0.0107165918321046
"Bolivia","Bolivia (Plurinational State of)","BOL","BO","South America",-64.6984386196825,-16.6819842351508,12.749291,0.63746455,0.291025712723947,0.182882208900871,0.301917416427314,0.16572082322068,0.0484520276460864,0.0100018110811025
"Bosnia and Herz.","Bosnia and Herzegovina","BIH","BA","Europe",17.7748915690575,44.1714743328823,3.1142415,0.155712075,0.127065611321408,0.103937026078421,0.23483888452453,0.29914860488501,0.183088723209167,0.0519211499814642
"Botswana","Botswana","BWA","BW","Africa",23.808612894002,-22.1652447870996,2.603388,0.1301694,0.317736733825308,0.18720106261533,0.319792708578207,0.134179192652037,0.0347264794951809,0.00636382283393793
"Brazil","Brazil","BRA","BR","South America",-53.2157339237413,-10.6390487673327,213.5626665,10.678133325,0.191052849585955,0.139381334705333,0.305301795339777,0.245076414140015,0.0977306092027091,0.0214569970262101
"British Virgin Is.","British Virgin Islands","VGB","VG","North America",-64.4716169707361,18.5258126951186,0.039936,0.1,0.137770432692308,0.129870292467949,0.32763671875,0.298389923878205,0.0915464743589744,0.0147861578525641
"Brunei","Brunei Darussalam","BRN","BN","Asia",114.721966195915,4.5196837365588,0.469775,0.1,0.203932733755521,0.141875365866638,0.338623809270395,0.239366718109733,0.0669394923101485,0.0092618806875632
"Bulgaria","Bulgaria","BGR","BG","Europe",25.2091326237717,42.7712410497898,6.6676595,0.333382975,0.143365074356301,0.0998459804373634,0.242032305338927,0.290134341743156,0.172534455306244,0.0520878428180083
"Burkina Faso","Burkina Faso","BFA","BF","Africa",-1.76113831212387,12.270726248786,24.6017,1.230085,0.405191003060764,0.212014169752497,0.249234036672263,0.106365698305402,0.0244276818268656,0.00276741038220936
"Burundi","Burundi","BDI","BI","Africa",29.8752284170777,-3.35921514381577,14.729157,0.73645785,0.4322337320459,0.211205298443081,0.234637121459157,0.0963207874014786,0.0226197941946033,0.00298326645577883
"Cabo Verde","Cabo Verde","CPV","CV","Africa",-23.9565440226583,15.9533055158383,0.5296295,0.1,0.238341142251329,0.175861616469626,0.325565324439065,0.185591059410399,0.0626343509944216,0.0120065064351589
"Cambodia","Cambodia","KHM","KH","Asia",104.905337571857,12.719494903029,18.0512195,0.902560975,0.292132562013331,0.173119383984002,0.296729176663106,0.171993725964055,0.0574410775958932,0.00858407377961361
"Cameroon","Cameroon","CMR","CM","Africa",12.7339439676681,5.68116800316289,30.6408165,1.532040825,0.40791843781317,0.199895064806775,0.253945647956216,0.109807419785958,0.0249379287918127,0.00349550084606916
"Canada","Canada","CAN","CA","North America",-96.5486267280135,60.4177669843846,40.4677275,2.023386375,0.148540809463541,0.114627279231333,0.279746546183005,0.249743910131845,0.155594924375232,0.0517465306150438
"Cayman Is.","Cayman Islands","CYM","KY","North America",-80.9134941900952,19.4298043928061,0.077196,0.1,0.159263433338515,0.107557386393077,0.324900253899166,0.307464117311778,0.0839356961500596,0.0168791129074045
"Central African Rep.","Central African Republic","CAF","CF","Africa",20.4618329814897,6.57229916426693,5.698984,0.2849492,0.482254468515792,0.225902546839928,0.198859217713192,0.0706181136848252,0.0206592087291349,0.00170644451712797
"Chad","Chad","TCD","TD","Africa",18.6349974957477,15.2753594097694,21.56038,1.078019,0.460146064215937,0.196417247747952,0.228716376984079,0.0933999771803651,0.0191828715449357,0.00213746232673079
"Chile","Chile","CHL","CL","South America",-71.0561908549587,-36.0762465539059,19.9458495,0.997292475,0.161244874528909,0.125400349581501,0.312145742401195,0.250667789306241,0.115688755196915,0.0348524889852398
"China","China","CHN","CN","Asia",103.378049539793,36.6914066934515,1412.9140885,70.645704425,0.148037222646747,0.116408570300699,0.284292761866675,0.299958915371803,0.124064297275213,0.027238232538864
"Colombia","Colombia","COL","CO","South America",-73.0770322657414,3.90348005339009,53.936226,2.6968113,0.197442911560034,0.149820011507665,0.320217185755637,0.226156118153317,0.0888760737542148,0.0174876992691331
"Comoros","Comoros","COM","KM","Africa",43.6816567859428,-11.8779085683257,0.89901,0.1,0.36591139141945,0.191637467881336,0.259605566122735,0.138411697311487,0.0377331731571395,0.00670070410785197
"Congo","Congo","COG","CG","Africa",15.2211423374053,-0.836992413922511,6.6377855,0.331889275,0.394034953374134,0.19956572866056,0.24287271711326,0.132098649466754,0.0280230507599259,0.0034049006253667
"Cook Is.","Cook Islands","COK","CK","Oceania",-159.78724303864,-21.2192739942122,0.012826,0.1,0.224972711679401,0.159714642133167,0.184936847029471,0.274988305005458,0.1253313581787,0.0300561359738032
"Costa Rica","Costa Rica","CRI","CR","North America",-84.1898695331854,9.97613126505505,5.174789,0.25873945,0.178332488532383,0.13985401143892,0.311425451356567,0.237438086847599,0.104470056653518,0.0284799051710128
"Croatia","Croatia","HRV","HR","Europe",16.4010529281009,45.0758927694847,3.822345,0.19111725,0.135123072354798,0.105289684735418,0.237503548214512,0.281875131627313,0.184082153756398,0.0561264093115613
"Cuba","Cuba","CUB","CU","North America",-78.9870541294201,21.6379353401667,10.892659,0.54463295,0.147225346905655,0.111072971255228,0.259528274960228,0.306130899718792,0.132152626828766,0.0438898803313314
"Curaçao","Curaçao","CUW","CW","North America",-68.9711179263023,12.1955184113464,0.1854405,0.1,0.1422936197864,0.121524154647987,0.299373653543859,0.258457564555747,0.14485778457241,0.0334932228935966
"Cyprus","Cyprus","CYP","CY","Asia",33.0058103046219,34.9170873380789,1.3823345,0.1,0.16046152360373,0.104228028744128,0.324827673764924,0.257932866466112,0.116422978663992,0.0361269287571134
"Czechia","Czechia","CZE","CZ","Europe",15.3194407099605,49.7379966812804,10.5277805,0.526389025,0.148256700450774,0.107421740033429,0.240564381067785,0.289284241820961,0.161394702330657,0.0530782342963932
"Côte d'Ivoire","Côte d'Ivoire","CIV","CI","Africa",-5.56910294273585,7.62587836831142,33.494346,1.6747173,0.400458378855942,0.200303716931807,0.255360009119151,0.116878980112046,0.0236180010799435,0.00338091390111036
"Dem. Rep. Congo","Democratic Republic of the Congo","COD","CD","Africa",23.6377472380793,-2.86548803140688,116.4521615,5.822608075,0.458312553520099,0.191523795803481,0.222962134541401,0.0962654308481857,0.0269814485152343,0.00395463677159827
"Denmark","Denmark","DNK","DK","Europe",10.0422117749111,55.9749821709948,6.0235205,0.301176025,0.154670512036939,0.120026237148193,0.25495588501774,0.256422884258466,0.151974331290148,0.0619501502485133
"Djibouti","Djibouti","DJI","DJ","Africa",42.5600788798995,11.7483067155297,1.1994595,0.1,0.284578178754681,0.193802291782257,0.295667757018891,0.174937961640222,0.044146551009017,0.00686725979493263
"Dominica","Dominica","DMA","DM","North America",-61.3577005413533,15.4394350091855,0.065511,0.1,0.173749446657813,0.130710872983163,0.305460151730244,0.255491444184946,0.109989162125445,0.0245989223183893
"Dominican Rep.","Dominican Republic","DOM","DO","North America",-70.5052413564907,18.8951155530384,11.6095,0.580475,0.258128386235411,0.167476247900426,0.292728971962617,0.196687884921831,0.0706613979930229,0.0143171109866919
"Ecuador","Ecuador","ECU","EC","South America",-78.7492983194314,-1.42410985165357,18.4445065,0.922225325,0.233446934457151,0.17064888670239,0.309760930713977,0.197584467765511,0.0715593014104227,0.0169994789505482
"Egypt","Egypt","EGY","EG","Africa",29.878269665946,26.4598029034498,120.1011755,6.005058775,0.31096800963451,0.177920723182264,0.285751970012983,0.171069774416987,0.0491895352015102,0.00509998755174549
"El Salvador","El Salvador","SLV","SV","North America",-88.8709570680796,13.7398637238293,6.3912535,0.319562675,0.23957053182134,0.174675750226462,0.315413400516816,0.185532540682356,0.068310074072324,0.0164977026807026
"Eq. Guinea","Equatorial Guinea","GNQ","GQ","Africa",10.3417277952996,1.70540563315078,1.984468,0.1,0.36854411358611,0.18070082258822,0.26963422942572,0.142580782355775,0.0343018884658256,0.00423816357834946
"Eritrea","Eritrea","ERI","ER","Africa",38.8572739522595,15.3611244617467,3.682669,0.18413345,0.370888613665795,0.222964648737098,0.242155892913536,0.120859626537166,0.036219790592095,0.00691142755430912
"Estonia","Estonia","EST","EE","Europe",25.5450328773432,58.6729024249373,1.331062,0.1,0.148876986947265,0.108851052768391,0.253495704933354,0.266066869912897,0.161403826418304,0.0613055590197902
"Ethiopia","Ethiopia","ETH","ET","Africa",39.6097922858362,8.61440065046904,138.902185,6.94510925,0.385134279925114,0.208741421166269,0.260824903510337,0.111646537453676,0.0291286598551347,0.0045241980894685
"Faeroe Is.","Faroe Islands","FRO","FO","Europe",-6.8804614449506,62.0522625084494,0.0565265,0.1,0.197907176280152,0.138041449585593,0.247503383368862,0.238171477094814,0.133424146196916,0.0449523674736628
"Falkland Is.","Falkland Islands (Malvinas)","FLK","FK","South America",-59.3498833455783,-51.7464413159616,0.003465,0.1,0.158152958152958,0.0961038961038961,0.256565656565657,0.35050505050505,0.104473304473304,0.0341991341991342
"Fiji","Fiji","FJI","FJ","Oceania",178.512028234471,-17.4275460095833,0.9372815,0.1,0.2656971251433,0.16934666906367,0.299140653048204,0.197961338189221,0.0599206321686708,0.00793358238693498
"Finland","Finland","FIN","FI","Europe",26.1949730974537,64.2551360000276,5.6217385,0.281086925,0.140230375354528,0.115802077951509,0.252135260293591,0.246542773200852,0.178183047824085,0.067106465375435
"Fr. Polynesia","French Polynesia","PYF","PF","Oceania",-144.785420742858,-14.7131078768821,0.283076,0.1,0.178473272195453,0.149585270386751,0.284513699501194,0.261608190026707,0.101160112478628,0.0246594554112676
"France","France","FRA","FR","Europe",-6.67614112511506,42.9551401765111,66.7464005,3.337320025,0.159564110127557,0.126005446540896,0.233373723276658,0.25177290272005,0.163785746019368,0.0654980713154712
"Gabon","Gabon","GAB","GA","Africa",11.7887417210203,-0.586446577901779,2.6473995,0.132369975,0.359454438213802,0.17985441940289,0.275432929559743,0.143415642406822,0.0353452510661878,0.00649731935055514
"Gambia","Gambia","GMB","GM","Africa",-15.3963233373991,13.4509534899632,2.8840795,0.144203975,0.391561154954293,0.205912666415749,0.258414686557704,0.111135112606986,0.0291162223510136,0.0038601571142543
"Georgia","Georgia","GEO","GE","Asia",43.5242560266282,42.1729419848756,3.8046415,0.190232075,0.201715588709212,0.12244872480101,0.269171747193527,0.243049180849234,0.131676138211708,0.0319386202353099
"Germany","Germany","DEU","DE","Europe",10.3643715892926,51.050577200392,83.644258,4.1822129,0.138588694277137,0.0952286945984983,0.244522857743564,0.279240632393439,0.168658528837688,0.0737605921496727
"Ghana","Ghana","GHA","GH","Africa",-1.21698964043326,7.94769971258465,35.697557,1.78487785,0.350114715133027,0.192952237599901,0.273984617490771,0.143987178170204,0.0337718628756584,0.00518938873043889
"Greece","Greece","GRC","GR","Europe",22.9642854423063,39.0479596036559,9.8971155,0.494855775,0.125661966862971,0.10775402186627,0.219177496716089,0.30015300922779,0.169679084779803,0.0775744205470776
"Greenland","Greenland","GRL","GL","North America",-41.8136722836678,73.081215345691,0.0556285,0.1,0.206440943041786,0.121736160421367,0.296215069613597,0.252703200697484,0.108640355213605,0.014264271012161
"Grenada","Grenada","GRD","GD","North America",-61.6822117719328,12.1172424375072,0.117362,0.1,0.185686167584056,0.143048857381435,0.328666859801299,0.21234726742898,0.100594741057583,0.0296561067466471
"Guam","Guam","GUM","GU","Oceania",144.767851880511,13.441629384257,0.170185,0.1,0.25688515439081,0.141119957693099,0.245944119634515,0.220110468020096,0.109651261862091,0.0262890383993889
"Guatemala","Guatemala","GTM","GT","North America",-90.3672121179679,15.6901195768513,18.967978,0.9483989,0.304777689008285,0.198821218582181,0.308820739880656,0.136820856709134,0.0430273590574599,0.00773213676228431
"Guernsey","Guernsey","GGY","GG","Europe",-2.57240440592783,49.4681037768441,0.0646095,0.1,0.13593202238061,0.107422283100782,0.250350180700981,0.279463546382498,0.163226770057035,0.0636051973780946
"Guinea","Guinea","GIN","GN","Africa",-10.9342459875925,10.4373187488031,15.4419925,0.772099625,0.401905518345511,0.202329297854535,0.257857300474663,0.102961033040263,0.0301350036272845,0.00481184665774187
"Guinea-Bissau","Guinea-Bissau","GNB","GW","Africa",-14.9499240572075,12.0477507880705,2.297808,0.1148904,0.37848027337358,0.204290132160738,0.26652531456066,0.117911287627165,0.0290328869949099,0.00376010528294792
"Guyana","Guyana","GUY","GY","South America",-58.9799209927187,4.78964290760044,0.84089,0.1,0.286839539059806,0.169336060602457,0.28444326844177,0.187117221039613,0.0613552307674012,0.0109086800889534
"Haiti","Haiti","HTI","HT","North America",-72.6867625279039,18.9345751364594,12.037506,0.6018753,0.303748384424481,0.19002387205456,0.301885373930447,0.155548707514663,0.0429078083117882,0.00588585376406043
"Honduras","Honduras","HND","HN","North America",-86.6176147864756,14.8290802781538,11.18476,0.559238,0.299204006165532,0.189686770212325,0.310415556525129,0.154024806969483,0.0409886756622404,0.00568018446529027
"Hong Kong","China, Hong Kong SAR","HKG","HK","Asia",114.113750089709,22.3982609142165,7.378602,0.3689301,0.100183544254047,0.0728366294861818,0.264049273832631,0.316135156768179,0.189886038032679,0.0569093576262821
"Hungary","Hungary","HUN","HU","Europe",19.3792677656756,47.1659125111368,9.585818,0.4792909,0.14338510286759,0.105543001129377,0.248887888336707,0.289200097477336,0.162022896741833,0.050961013447157
"Iceland","Iceland","ISL","IS","Europe",-18.5800336616341,64.9978841276929,0.402329,0.1,0.173131939283522,0.129569332561163,0.301944428564682,0.232436637677125,0.124634316691066,0.0382833452224423
"India","India","IND","IN","Asia",79.5639109318103,22.7766430396087,1476.6255765,73.831278825,0.237850245579841,0.172811398543455,0.315734378382549,0.197512741985206,0.0646759117679417,0.0114153237410079
"Indonesia","Indonesia","IDN","ID","Asia",117.179729805139,-2.26406781358278,287.8867825,14.394339125,0.238666702247784,0.159850160887466,0.29505883445691,0.228330828283164,0.0670434617817162,0.0110500123429599
"Iran","Iran (Islamic Republic of)","IRN","IR","Asia",54.4408756038135,32.5273359415473,93.1684975,4.658424875,0.215687958260784,0.134914556285508,0.330742867244371,0.229213082458478,0.0764680948085484,0.0129734409423099
"Iraq","Iraq","IRQ","IQ","Asia",43.7736761003991,33.0096664024513,48.007437,2.40037185,0.35393309999032,0.197978700675064,0.2737620423269,0.139308259676516,0.0303709194056746,0.00464697792552433
"Ireland","Ireland","IRL","IE","Europe",-8.14571833620769,53.162533076479,5.35695,0.2678475,0.176472806354362,0.137811627885271,0.255345392434128,0.264996686547382,0.124227032173158,0.0411464546056991
"Isle of Man","Isle of Man","IMN","IM","Europe",-4.53903853413023,54.2240959138747,0.0840545,0.1,0.136066480676228,0.110898286230957,0.224402024876717,0.28764670541137,0.173268534105848,0.0677179686988799
"Israel","Israel","ISR","IL","Asia",34.9911381968011,31.4329786422529,9.647689,0.48238445,0.269062363017713,0.158290187422086,0.252371163705629,0.192121657321251,0.0972718440654544,0.0308827844678658
"Italy","Italy","ITA","IT","Europe",12.2010485047317,42.7156861458039,58.9261665,2.946308325,0.114348402419832,0.101454843494698,0.222188422863042,0.306016614876856,0.175467727058063,0.0805239892875095
"Jamaica","Jamaica","JAM","JM","North America",-77.3143958314286,18.1574508726766,2.8334035,0.141670175,0.179033448642242,0.154503585528852,0.343637078164123,0.233132520659341,0.0766299258118372,0.0130634411936034
"Japan","Japan","JPN","JP","Asia",137.660006265981,37.4608804755929,122.427731,6.12138655,0.110470694748071,0.0963387494292449,0.209069062956006,0.282155417059882,0.192204423849038,0.109761651957758
"Jersey","Jersey","JEY","JE","Europe",-2.12689072009821,49.218387453997,0.1041055,0.1,0.139728448544986,0.108822300454827,0.252652357464303,0.301785208274299,0.147561848317332,0.0494498369442537
"Jordan","Jordan","JOR","JO","Asia",36.7576835839012,31.2387026418374,11.5895325,0.579476625,0.296197926879277,0.189467392235192,0.290055573855114,0.174334124348847,0.0426522381295363,0.00729274455203435
"Kazakhstan","Kazakhstan","KAZ","KZ","Asia",67.2455026221889,48.361670914496,21.0836265,1.054181325,0.288524557196078,0.14611110664477,0.26871482474801,0.203234083092868,0.0811243976457276,0.0122910306725458
"Kenya","Kenya","KEN","KE","Africa",37.7962282671581,0.59944883650654,58.6364115,2.931820575,0.357269782786759,0.215707325473013,0.274728109853721,0.121457731089154,0.026061528338923,0.00477552245843012
"Kiribati","Kiribati","KIR","KI","Oceania",-167.91969916077,0.892900808860013,0.138445,0.1,0.339607786485608,0.175387337932031,0.288789772111669,0.150836072086388,0.0399508830221388,0.00542814836216548
"Kuwait","Kuwait","KWT","KW","Asia",47.5877796783927,29.3332785751823,5.102773,0.25513865,0.177558456940961,0.110008028967779,0.43770485185212,0.242129230518387,0.029151698498052,0.00344773322270068
"Kyrgyzstan","Kyrgyzstan","KGZ","KG","Asia",74.5090861383837,41.4743103595433,7.4004645,0.370023225,0.314378712309207,0.164578723403105,0.282363627310151,0.176108472650602,0.0569193325635168,0.00565113176341836
"Laos","Lao People's Democratic Republic","LAO","LA","Asia",103.774934403725,18.4874182025194,7.9740175,0.398700875,0.294827481880997,0.182214799503512,0.312462883358357,0.160904525228343,0.043754544055114,0.00583576597367638
"Latvia","Latvia","LVA","LV","Europe",24.920447008392,56.8595216457842,1.8359345,0.1,0.149939717348304,0.105093890876826,0.247129459139201,0.271279830516829,0.165168474147634,0.0613886279712049
"Lebanon","Lebanon","LBN","LB","Asia",35.8776957956409,33.9215988682257,5.8974665,0.294873325,0.249645165428239,0.174941731334972,0.256707435302939,0.211259190705026,0.0877503924778547,0.0196960847509689
"Lesotho","Lesotho","LSO","LS","Africa",28.2289621090948,-29.5790637000742,2.389336,0.1194668,0.336319379107836,0.199519866607292,0.312057199154912,0.113089578025025,0.0327000890624006,0.00631388804253567
"Liberia","Liberia","LBR","LR","Africa",-9.31983261845304,6.45195766531815,5.853949,0.29269745,0.386333140244303,0.21098031431432,0.248565028496149,0.120442883940396,0.0297775911611119,0.00390104184371951
"Libya","Libya","LBY","LY","Africa",18.0667932182187,27.0167163927208,7.5398515,0.376992575,0.262155030506901,0.177078023353643,0.285568157409997,0.221055414685554,0.0453887586512811,0.00875461539262411
"Liechtenstein","Liechtenstein","LIE","LI","Europe",9.53575260107776,47.136626593862,0.040368,0.1,0.142154676971859,0.10354736424891,0.244896948077685,0.289338089575902,0.163954122076893,0.0561087990487515
"Lithuania","Lithuania","LTU","LT","Europe",23.8970998775749,55.3237700619849,2.797338,0.1398669,0.142927311608393,0.101450200154576,0.272923222006064,0.269478697247169,0.156265528155697,0.0569550408281016
"Luxembourg","Luxembourg","LUX","LU","Europe",6.07215816476921,49.7667823716717,0.6874485,0.1,0.157045945987227,0.108288839091219,0.299143863140293,0.273636497861294,0.121131255650423,0.0407535982695431
"Macao","China, Macao SAR","MAC","MO","Asia",113.509319743599,22.2231175543099,0.7231885,0.1,0.134319060659842,0.0892478240458746,0.341986909360423,0.275139883999815,0.138067046143571,0.0212392757904751
"Madagascar","Madagascar","MDG","MG","Africa",46.7428900543881,-19.3164836985713,33.5220515,1.676102575,0.386408257263133,0.19986060518999,0.259024197847796,0.119331240810247,0.0316289711564938,0.00374672773234061
"Malawi","Malawi","MWI","MW","Africa",34.2828475261884,-13.2044253711777,22.785535,1.13927675,0.395780020087305,0.218376636756609,0.26201359766185,0.0978353810871678,0.0214381404693811,0.00455622393768678
"Malaysia","Malaysia","MYS","MY","Asia",109.699342970706,3.81114043306724,36.3851145,1.819255725,0.208487951851849,0.162564845027491,0.34142522761609,0.204166431852235,0.0703405646833955,0.0130149789689407
"Maldives","Maldives","MDV","MV","Seven seas (open ocean)",73.4570805481231,3.72846117440526,0.531517,0.1,0.184259393396636,0.124944263306724,0.444283061501326,0.193600580978595,0.0439214550052021,0.00899124581151685
"Mali","Mali","MLI","ML","Africa",-3.59047300916167,17.315139014512,25.932275,1.29661375,0.454349743707407,0.20747520223351,0.222232507560559,0.0924944302032892,0.0208979543830998,0.00255016191213459
"Malta","Malta","MLT","MT","Europe",14.4053767867687,35.9214721226706,0.549011,0.1,0.12767685893361,0.0913478964902342,0.322996260548514,0.24891395618667,0.15414354175053,0.0549214860904426
"Marshall Is.","Marshall Islands","MHL","MH","Oceania",170.342582533878,7.00279122625452,0.035075,0.1,0.33255880256593,0.229807555238774,0.197091945830363,0.189265858873842,0.0471418389166073,0.00413399857448325
"Mauritania","Mauritania","MRT","MR","Africa",-10.3699167351723,20.2206937677679,5.461319,0.27306595,0.420411351177252,0.200636055136131,0.23759159646232,0.108667063762435,0.0284428541896198,0.00425107927224174
"Mauritius","Mauritius","MUS","MU","Seven seas (open ocean)",57.5712646954905,-20.2776195850018,1.2650585,0.1,0.143076782615191,0.133214788090827,0.305654639686623,0.270881148974534,0.123443698453471,0.0237289421793538
"Mexico","Mexico","MEX","MX","North America",-102.170985323958,23.9241551848632,132.9976575,6.649882875,0.236685510795557,0.167254272880708,0.299520636293914,0.208484559211127,0.0713396098724521,0.0167154109462417
"Micronesia","Micronesia (Fed. States of)","FSM","FM","Oceania",153.322718519771,7.53089208957855,0.1141825,0.1,0.31160204059291,0.197306942832746,0.275064042213124,0.152308803888512,0.0577408972478269,0.00597727322488122
"Moldova","Republic of Moldova","MDA","MD","Europe",28.4656191680335,47.1871728367014,2.9612535,0.148062675,0.192343546406952,0.117901760183652,0.266766252872306,0.248706671009422,0.15010265078623,0.0241791187414384
"Monaco","Monaco","MCO","MC","Europe",7.40627450663801,43.7527482412119,0.038087,0.1,0.14058602672828,0.0884816341533857,0.188962113056949,0.222582508467456,0.199438128495287,0.159949589098643
"Mongolia","Mongolia","MNG","MN","Asia",103.123972161914,46.9562038905525,3.556798,0.1778399,0.308740333299783,0.154568097485435,0.282966449036465,0.196322928656618,0.0498430048599892,0.0075591866617109
"Montenegro","Montenegro","MNE","ME","Europe",19.2386306669002,42.7880033111823,0.626233,0.1,0.176548505109121,0.12352670651339,0.2509521216544,0.261242221345729,0.149656757149495,0.0380736882278641
"Montserrat","Montserrat","MSR","MS","North America",-62.1851850290023,16.7394124160323,0.004328,0.1,0.15503696857671,0.121187615526802,0.248613678373383,0.274722735674677,0.161275415896488,0.0391635859519408
"Morocco","Morocco","MAR","MA","Africa",-8.72784775206801,29.7668591371827,38.762441,1.93812205,0.247578216242883,0.16187301000987,0.29274406377039,0.210107678719201,0.0759573165167797,0.0117397147408751
"Mozambique","Mozambique","MOZ","MZ","Africa",35.6027277441924,-17.19585753703,36.6398505,1.831992525,0.43850169366821,0.202907405421864,0.239201863009785,0.0923013045590893,0.0243131450549996,0.0027745882860521
"Myanmar","Myanmar","MMR","MM","Asia",96.4947556040562,21.1129068888835,55.184819,2.75924095,0.238599695325629,0.159503947997003,0.305837489473328,0.218632573570641,0.0687642374979974,0.00866205613540202
"N. Mariana Is.","Northern Mariana Islands","MNP","MP","Oceania",145.618094726469,15.8171139961353,0.042914,0.1,0.204373864007084,0.161171179568439,0.194307219089341,0.321619984154355,0.108379549797269,0.0101482033835112
"Namibia","Namibia","NAM","NA","Africa",17.195019957489,-22.0696900138551,3.153246,0.1576623,0.36276237248854,0.176984764271484,0.288536796685067,0.132690249983668,0.0332609634643158,0.00576485310692537
"Nauru","Nauru","NRU","NR","Oceania",166.932568249309,-0.519126378457796,0.0121015,0.1,0.364624220137999,0.190348303929265,0.277568896417799,0.135809610378879,0.030492087757716,0.00115688137834153
"Nepal","Nepal","NPL","NP","Asia",83.9468444253475,28.2580425139521,29.6294095,1.481470475,0.276677316164536,0.192243402623329,0.295316145264387,0.168332244353368,0.0580989810141171,0.00933191058026317
"Netherlands","Netherlands","NLD","NL","Europe",4.99154833318447,52.2269196009093,18.4487755,0.922438775,0.148635989418376,0.117791042554559,0.263148088066875,0.257767134734769,0.158497727938637,0.0541600172867841
"New Caledonia","New Caledonia","NCL","NC","Oceania",165.679742576013,-21.3008860680881,0.2978925,0.1,0.208739729936135,0.143558498451623,0.27881030908801,0.247418112238475,0.0967563802378375,0.02471697004792
"New Zealand","New Zealand","NZL","NZ","Oceania",172.921343839925,-41.7023337271842,5.287479,0.26437395,0.176370724120134,0.128698383482941,0.273443544645756,0.241078687972094,0.136396948337762,0.0440117114413126
"Nicaragua","Nicaragua","NIC","NI","North America",-85.0319410736152,12.8449927207593,7.097329,0.35486645,0.278712033780596,0.181154487836199,0.310012964031962,0.17143477496957,0.0492688164801153,0.00941692290155917
"Niger","Niger","NER","NE","Africa",9.33161007434546,17.4120079629507,28.814878,1.4407439,0.458420889375273,0.207503550769849,0.216173950137842,0.0914819594238782,0.0238820549578589,0.00253759533529866
"Nigeria","Nigeria","NGA","NG","Africa",8.07958685423834,9.59094557009618,242.431832,12.1215916,0.400154982535462,0.211743594380791,0.243201222849316,0.113980650857764,0.0274584527332203,0.00346109664344738
"Niue","Niue","NIU","NU","Oceania",-169.869942758348,-19.0494561797241,0.001822,0.1,0.217069154774972,0.165203073545554,0.204994511525796,0.240669593852909,0.145993413830955,0.0260702524698134
"North Korea","Dem. People's Republic of Korea","PRK","KP","Asia",127.159122779377,40.1400742728793,26.633691,1.33168455,0.188927963458013,0.12478095882392,0.28295122519819,0.273242600884722,0.103971338407433,0.0261259132277235
"North Macedonia","North Macedonia","MKD","MK","Europe",21.6805957834493,41.5951915583577,1.8040625,0.1,0.162427853802183,0.114346093885328,0.259890940585484,0.273497730815867,0.155718829031699,0.0341185518794388
"Norway","Norway","NOR","NO","Europe",12.7458965802462,66.3603228976923,5.6529885,0.282649425,0.156759561778695,0.12344187503654,0.270778544835179,0.254885358425902,0.142030273014,0.052104386909685
"Oman","Oman","OMN","OM","Asia",56.0621306429003,20.58577512952,5.6714585,0.283572925,0.240470418676254,0.137691653743036,0.447389679391994,0.147083417783979,0.0226702707954224,0.0046945596093139
"Pakistan","Pakistan","PAK","PK","Asia",69.1684395527133,29.8839453542285,259.2997915,12.964989575,0.357882275813554,0.200453753546501,0.266423567486748,0.130802000664162,0.0386743157099685,0.00576408677906708
"Palau","Palau","PLW","PW","Oceania",134.405780973282,7.28668473745067,0.0176145,0.1,0.176161684975446,0.129552357432797,0.272190524851685,0.298646001873457,0.109171421272247,0.0142780095943683
"Palestine","State of Palestine","PSE","PS","Asia",35.1954797139469,31.9152202984206,5.69279,0.2846395,0.370364794766714,0.194814932572605,0.273611796676146,0.121739955276762,0.0339420565311561,0.00552646417661639
"Panama","Panama","PAN","PA","North America",-80.1187762402053,8.52023299495937,4.625718,0.2312859,0.241464027854703,0.158717089973924,0.287309883568346,0.21272913740094,0.0781979143562145,0.0215819468458734
"Papua New Guinea","Papua New Guinea","PNG","PG","Oceania",145.200496713414,-6.46858138976354,10.947848,0.5473924,0.327992405448084,0.189491395934617,0.291324103147943,0.154003782295845,0.0335861440531509,0.00360216912036046
"Paraguay","Paraguay","PRY","PY","South America",-58.443432990285,-23.2089093391522,7.0952795,0.354763975,0.28139349549232,0.164579492604907,0.310148599501965,0.174750621170033,0.0573706786321807,0.0117571125985946
"Peru","Peru","PER","PE","South America",-74.420741589475,-9.10714962725944,34.922148,1.7461074,0.23269326102163,0.163462997751456,0.30295975780184,0.203787965734525,0.0753369752628046,0.0217590424277453
"Philippines","Philippines","PHL","PH","Asia",122.919280077961,11.7293432309907,117.7244715,5.886223575,0.264118522715135,0.18952009056163,0.308409823695832,0.178419165806151,0.0534902422560461,0.00604215496520619
"Poland","Poland","POL","PL","Europe",19.4197062879029,52.111835612144,37.8431885,1.892159425,0.141267549376818,0.101007635759867,0.274343717099842,0.270742210318774,0.167764365309757,0.0448745221349411
"Portugal","Portugal","PRT","PT","Europe",-8.52813028125945,39.6062103081133,10.3953625,0.519768125,0.126217339703161,0.103848567089411,0.224368847166224,0.291821377080405,0.178455970150151,0.0752878988106475
"Puerto Rico","Puerto Rico","PRI","PR","North America",-66.4730682311084,18.2285799360887,3.2226875,0.161134375,0.108750848476621,0.11726051626166,0.246012528363361,0.269500378178151,0.182245563679383,0.0762301650408239
"Qatar","Qatar","QAT","QA","Asia",51.1846516775888,25.3048623561995,3.1735595,0.158677975,0.149958114854944,0.103662464812776,0.54570412182283,0.183453311652105,0.015680657633802,0.00154132922354221
"Romania","Romania","ROU","RO","Europe",24.9831817963969,45.8484139836604,18.8006045,0.940030225,0.154371472470473,0.111907305959231,0.241336149590296,0.290013334411667,0.158126245355568,0.0442454922127637
"Russia","Russian Federation","RUS","RU","Europe",95.6413766734593,66.0317219336461,143.394458,7.1697229,0.167307027305058,0.112599051770885,0.273933163442063,0.262493453547556,0.150386097906238,0.0332812060281995
"Rwanda","Rwanda","RWA","RW","Africa",29.9199828803488,-1.99032494977323,14.889693,0.74448465,0.366956692794136,0.206927033351191,0.266861546440212,0.118176378787662,0.0364274132448533,0.00465093538194508
"S. Sudan","South Sudan","SSD","SS","Africa",30.2513338314292,7.30869694542136,12.436037,0.62180185,0.370892391201474,0.236828179266433,0.220471722623534,0.140201617283705,0.028306244183738,0.00329984544111601
"Saint Helena","Saint Helena","SHN","SH","Seven seas (open ocean)",-9.67419752777943,-12.3792424774693,0.0051475,0.1,0.13152015541525,0.0914035939776591,0.197474502185527,0.297134531325886,0.217969888295289,0.0644973288003885
"Saint Lucia","Saint Lucia","LCA","LC","North America",-60.9697106736354,13.8947729972695,0.1804875,0.1,0.170671099106586,0.137940300574832,0.332208601703719,0.255760094189348,0.0869589306738694,0.0164609737516449
"Samoa","Samoa","WSM","WS","Oceania",-172.165304608578,-13.7534008838267,0.220528,0.1,0.375467060872089,0.188955597475151,0.213192882536458,0.160145196981789,0.0530272799825873,0.00921198215192629
"San Marino","San Marino","SMR","SM","Europe",12.4592152283554,43.9418652353309,0.033605,0.1,0.11431334622824,0.106844219610177,0.206903734563309,0.333625948519566,0.166894807320339,0.0714179437583693
"Saudi Arabia","Saudi Arabia","SAU","SA","Asia",44.6631748052912,24.0865579850414,35.165787,1.75828935,0.234336259842557,0.151315012514863,0.412883436961044,0.16975994309469,0.02706357744816,0.00464177013868622
"Senegal","Senegal","SEN","SN","Africa",-14.4694479474536,14.3648110931751,19.366548,0.9683274,0.37320140894495,0.205336671253958,0.266283283938883,0.118401276262553,0.0324473933093291,0.00432996629032701
"Serbia","Serbia","SRB","RS","Europe",20.8066062890631,44.2113198308083,6.641964,0.3320982,0.14202395556495,0.101766510628483,0.246900615540825,0.275517602925882,0.186092472045919,0.0476988432939414
"Seychelles","Seychelles","SYC","SC","Seven seas (open ocean)",55.4760278184558,-4.66098975230135,0.134959,0.1,0.195915055683578,0.125415867041101,0.343848872620574,0.245015152750094,0.0754747738201972,0.0143302780844553
"Sierra Leone","Sierra Leone","SLE","SL","Africa",-11.7926118498279,8.56249232471683,8.9967445,0.449837225,0.37206847432424,0.2057643184154,0.267201541624306,0.121667676569008,0.0294929460317563,0.00380504303528904
"Singapore","Singapore","SGP","SG","Asia",103.817255835084,1.35876224004016,5.9057475,0.295287375,0.117489191673027,0.128122646625173,0.367521638878059,0.239284781477705,0.118466290677006,0.0291154506690305
"Sint Maarten","Sint Maarten (Dutch part)","SXM","SX","North America",-63.0571336152756,18.0508225284733,0.044447,0.1,0.145037910320157,0.124417845973857,0.259713816455554,0.320291583233964,0.131561185231849,0.0189776587846199
"Slovakia","Slovakia","SVK","SK","Europe",19.4689717742126,48.7112808109013,5.451342,0.2725671,0.153537514248785,0.100295028270103,0.266049717665852,0.28504164662573,0.155765406022957,0.0393106871665729
"Slovenia","Slovenia","SVN","SI","Europe",14.8005232614883,46.1158904765914,2.1145735,0.105728675,0.142357075788569,0.102154878986235,0.239815972346197,0.288939589945679,0.170266722816681,0.0564657601166382
"Solomon Is.","Solomon Islands","SLB","SB","Oceania",159.622342515971,-8.92311716500904,0.8582875,0.1,0.361163945647583,0.194740690036847,0.266515590638335,0.140438372922826,0.0321156954983033,0.00502570525610591
"Somalia","Somalia","SOM","SO","Africa",45.6792928389528,4.7394062218941,20.305907,1.01529535,0.465241715132449,0.193398945439866,0.223848484088891,0.0910982946981881,0.0236935735005582,0.00271898714004747
"South Africa","South Africa","ZAF","ZA","Africa",25.1934382241476,-28.9742085144411,65.4530845,3.272654225,0.255779443060472,0.163271182429913,0.328765124888805,0.181433580872724,0.0590506777415509,0.0116999910065354
"South Korea","Republic of Korea","KOR","KR","Asia",127.834771148163,36.3733672273297,51.600388,2.5800194,0.098175269534795,0.0955523435211379,0.271245402263254,0.320695127331213,0.163825444490844,0.050506412858756
"Spain","Spain","ESP","ES","Europe",-3.70353625253203,40.2076539840155,47.8507925,2.392539625,0.123286557897657,0.108407870151785,0.232168965644613,0.314510684436418,0.155228871078781,0.0663970507907471
"Sri Lanka","Sri Lanka","LKA","LK","Asia",80.7016320185892,7.61103818451618,23.348315,1.16741575,0.21387196463642,0.151776305913296,0.273184981442986,0.232780545405525,0.106512033095322,0.0218741695064505
"St-Barthélemy","Saint Barthélemy","BLM","BL","North America",-62.840676944635,17.8988056330363,0.0115495,0.1,0.174379843283259,0.148880903935235,0.234598900385298,0.256244859084809,0.14113165072081,0.0447638425905883
"St-Martin","Saint Martin (French part)","MAF","MF","North America",-63.0597289487716,18.0888907769392,0.023898,0.1,0.206481713950958,0.130931458699473,0.164176918570592,0.288538789856892,0.160682902334923,0.0491882165871621
"St. Kitts and Nevis","Saint Kitts and Nevis","KNA","KN","North America",-62.6874672340585,17.2645786417283,0.0469915,0.1,0.183969441281934,0.1246608429184,0.312162837960057,0.257674260238554,0.105189236351255,0.0163433812498005
"St. Pierre and Miquelon","Saint Pierre and Miquelon","SPM","PM","North America",-56.3030603505959,46.9190002050129,0.0055135,0.1,0.122970889634533,0.133037090777183,0.19452253559445,0.336084157069012,0.163145007708352,0.0502403192164687
"St. Vin. and Gren.","Saint Vincent and the Grenadines","VCT","VC","North America",-61.2013174037669,13.2246770305566,0.0992445,0.1,0.204474807168155,0.14512643018001,0.271264402561351,0.252678989767695,0.104182095733265,0.0222732745895239
"Sudan","Sudan","SDN","SD","Africa",29.9074652457207,15.9679661095596,53.2827185,2.664135925,0.398184488278315,0.19931561862783,0.256098654200611,0.111708067222584,0.0310372020526693,0.00365596961799162
"Suriname","Suriname","SUR","SR","South America",-55.9124311742725,4.12984828785449,0.6452565,0.1,0.250454664152938,0.168240071971379,0.287318299002025,0.208927767484713,0.0703727897355548,0.0146864076533906
"Sweden","Sweden","SWE","SE","Europe",16.266950180562,62.383656074243,10.7010465,0.535052325,0.164281736370363,0.119293519563717,0.260725481381657,0.244869134995348,0.145495676520983,0.0653344511679302
"Switzerland","Switzerland","CHE","CH","Europe",8.20628199812412,46.7988964271968,9.007798,0.4503899,0.14801447590188,0.101601412465066,0.261705024912859,0.279852190291123,0.146611524814389,0.0622153716146832
"Syria","Syrian Arab Republic","SYR","SY","Asia",38.4844621406404,35.0167773258703,26.472497,1.32362485,0.279035143530283,0.225312444081116,0.293156100839297,0.152989629198938,0.04325800849085,0.0062486738595154
"São Tomé and Principe","Sao Tome and Principe","STP","ST","Africa",6.72421635963986,0.44384009185498,0.2449935,0.1,0.371650676446518,0.21214236296065,0.243663607401829,0.13255453716119,0.033015161626737,0.006973654403076
"Taiwan","China, Taiwan Province of China","TWN","TW","Asia",120.951465590186,23.7502042082941,23.0112925,1.150564625,0.11282165050051,0.092558295019717,0.270139867197812,0.315114133636779,0.167616421372246,0.0417496322729373
"Tajikistan","Tajikistan","TJK","TJ","Asia",71.026854019232,38.5365490307173,10.9785985,0.548929925,0.354255463481974,0.171345960051276,0.287282707351034,0.144206157097374,0.0389574315883762,0.00395228042996563
"Tanzania","United Republic of Tanzania","TZA","TZ","Africa",34.801810641346,-6.26824779010462,72.5637805,3.628189025,0.421483049660016,0.200736295706093,0.244779900903868,0.102641744251459,0.0256252911188937,0.00473371835967119
"Thailand","Thailand","THA","TH","Asia",101.000648498299,15.0825849519536,71.5596145,3.577980725,0.140778399525895,0.123887650345014,0.2794029724685,0.289106867673246,0.131723138335241,0.0351009716521041
"Timor-Leste","Timor-Leste","TLS","TL","Asia",125.845107828387,-8.82932165792296,1.436923,0.1,0.326058529232255,0.213377821915301,0.281551969033831,0.12712963742664,0.0425944883615893,0.00928755403038298
"Togo","Togo","TGO","TG","Africa",0.963859659570659,8.52077978482272,9.9309185,0.496545925,0.387790565394329,0.198031430828881,0.252958626133122,0.128053210788106,0.030331786531125,0.00283438032443827
"Tonga","Tonga","TON","TO","Oceania",-174.801931197513,-20.4205127569076,0.103291,0.1,0.3437230736463,0.211959415631565,0.2083095332604,0.166239072136004,0.0561762399434607,0.0135926653822695
"Trinidad and Tobago","Trinidad and Tobago","TTO","TT","North America",-61.2659018508375,10.4571725744873,1.513268,0.1,0.172133092089438,0.124521234837451,0.306813465955799,0.261554133174031,0.117792420113291,0.0171856538299891
"Tunisia","Tunisia","TUN","TN","Africa",9.55612880162237,34.0889554864525,12.4151385,0.620756925,0.230374755787058,0.141319849150293,0.288237742978059,0.236746251360788,0.0886129059293217,0.0147084947944801
"Turkey","Türkiye","TUR","TR","Asia",35.1728012164006,39.137013310438,87.926082,4.3963041,0.205751724499677,0.141490155332976,0.301428090472631,0.242293822440536,0.0897811811971788,0.0192550260570009
"Turkmenistan","Turkmenistan","TKM","TM","Asia",59.4464223598809,39.1254707099274,7.7366315,0.386831575,0.308095907114097,0.142973980342737,0.310953352243803,0.187048588264802,0.0464454717792879,0.0044827002552726
"Turks and Caicos Is.","Turks and Caicos Islands","TCA","TC","North America",-71.9739065630529,21.8306218679945,0.047148,0.1,0.159900738101298,0.110481886824468,0.307171035886994,0.300882327988462,0.0983180622719946,0.0232459489267837
"Tuvalu","Tuvalu","TUV","TV","Oceania",179.20556518701,-8.50345059320313,0.009362,0.1,0.329577013458663,0.168660542619098,0.240226447340312,0.186658833582568,0.0643559068575091,0.01052125614185
"U.S. Virgin Is.","United States Virgin Islands","VIR","VI","North America",-64.8028713224723,17.9545678607675,0.0834005,0.1,0.164423474679408,0.116408175010941,0.208505944208968,0.275040317504092,0.182492910713965,0.0531291778826266
"Uganda","Uganda","UGA","UG","Africa",32.3686653695696,1.27423154739338,52.7614695,2.638073475,0.426691422990029,0.213393810041625,0.250796502170964,0.0864120359649952,0.0192479002124837,0.0034583286199032
"Ukraine","Ukraine","UKR","UA","Europe",31.3155838484354,49.1956082317395,39.5358485,1.976792425,0.134124464282081,0.111439609042411,0.290194176558523,0.27289518018059,0.14910694277878,0.0422396271576162
"United Arab Emirates","United Arab Emirates","ARE","AE","Asia",54.2926697735691,23.905320327121,11.574682,0.5787341,0.159149944680986,0.125302492111662,0.529214884694024,0.168034206036935,0.0165551416444961,0.00174333083189672
"United Kingdom","United Kingdom","GBR","GB","Europe",-2.75814205633043,54.0116497461288,69.931528,3.4965764,0.167210474794716,0.120882765495986,0.261577367507257,0.250951523610352,0.144116098821693,0.0552617697699956
"United States of America","United States of America","USA","US","North America",-103.629562809744,44.7437315908213,349.035494,17.4517747,0.169050785706052,0.132358106250363,0.269285750634862,0.240909838527769,0.144714224966473,0.0436812939144808
"Uruguay","Uruguay","URY","UY","South America",-56.0252057376117,-32.791340912445,3.382537,0.16912685,0.175053665340542,0.138783552108964,0.280527456166777,0.240294932472283,0.117057256136444,0.0482831377749896
"Uzbekistan","Uzbekistan","UZB","UZ","Asia",63.3030925523506,41.7754007525036,37.7242225,1.886211125,0.314581062605068,0.145000205106944,0.297996863951272,0.179509849407764,0.0548180814064491,0.00809393752250295
"Vanuatu","Vanuatu","VUT","VU","Oceania",167.675345946174,-16.2169690328556,0.342564,0.1,0.375710816081083,0.181911993087423,0.266796861316425,0.130933197884191,0.039287549187889,0.00535958244298875
"Vatican","Holy See","VAT","VA","Europe",12.433871744148,41.9017498629169,0.0005065,0.1,0.0720631786771964,0.0779861796643633,0.20533070088845,0.236920039486673,0.197433366238894,0.210266535044422
"Venezuela","Venezuela (Bolivarian Republic of)","VEN","VE","South America",-66.1705444132272,7.1222740774703,28.6337105,1.431685525,0.24323050971686,0.182561145891309,0.251681510155661,0.218996923224463,0.0864851238892005,0.0170447871225072
"Vietnam","Viet Nam","VNM","VN","Asia",106.34650781488,16.5442975147679,102.177431,5.10887155,0.22437293417565,0.139339493669595,0.303486520423478,0.233726531057529,0.0836710212453864,0.015403499428362
"W. Sahara","Western Sahara","ESH","EH","Africa",-12.2714969932321,24.2117292500608,0.610813,0.1,0.227333897608597,0.141453276207284,0.334082607934016,0.227365003691801,0.0626885806294234,0.0070766339288784
"Wallis and Futuna Is.","Wallis and Futuna Islands","WLF","WF","Oceania",-177.3443194799,-13.8882287226863,0.011113,0.1,0.183253846846036,0.174435345991181,0.202465580851255,0.281967065598848,0.123234050211464,0.0346441105012148
"Yemen","Yemen","YEM","YE","Asia",47.5677872552026,15.91728068186,42.961653,2.14808265,0.409211512415502,0.190535557372525,0.268406152807947,0.106106718007336,0.0221626714409709,0.00357738795571949
"Zambia","Zambia","ZMB","ZM","Africa",27.8085818755982,-13.4555254933089,22.5219155,1.126095775,0.404989686601035,0.207937974902712,0.259649140411703,0.106847594735004,0.0187408793004307,0.00183472404911563
"Zimbabwe","Zimbabwe","ZWE","ZW","Africa",29.8510133796762,-18.9970468090672,17.27358,0.863679,0.396432470860123,0.216233635413157,0.245230751239755,0.10700572782249,0.030326834391018,0.00477058027345808
"eSwatini","Eswatini","SWZ","SZ","Africa",31.4818696110519,-26.5575464893393,1.2698585,0.1,0.326165080597563,0.19752830728778,0.300468516767813,0.13184224856549,0.0375404031236551,0.00645544365769887
